/*!40101 SET @OLD_CHARACTER_SET_CLIENT=@@CHARACTER_SET_CLIENT */;
/*!40101 SET NAMES utf8 */;
/*!50503 SET NAMES utf8mb4 */;
/*!40014 SET @OLD_FOREIGN_KEY_CHECKS=@@FOREIGN_KEY_CHECKS, FOREIGN_KEY_CHECKS=0 */;
/*!40101 SET @OLD_SQL_MODE=@@SQL_MODE, SQL_MODE='NO_AUTO_VALUE_ON_ZERO' */;
/*!40111 SET @OLD_SQL_NOTES=@@SQL_NOTES, SQL_NOTES=0 */;

/*!40000 ALTER TABLE `parkings` DISABLE KEYS */;
INSERT INTO `parkings` (`id`, `name`, `area_id`, `parking_type_id`, `start_row`, `end_row`, `capacity`, `fill`, `full`, `order`, `active`, `comments`, `created_at`, `updated_at`, `deleted_at`) VALUES
	(7, 'ZP1', 2, 1, NULL, NULL, 50, 0, 0, 0, 1, NULL, '2022-06-05 08:43:05', '2022-06-05 08:43:05', NULL),
	(8, 'PU1', 3, 1, NULL, NULL, 64, 0, 0, 0, 1, NULL, '2022-06-05 08:43:30', '2022-06-05 08:43:30', NULL),
	(9, 'PU2', 3, 1, NULL, NULL, 64, 0, 0, 0, 1, NULL, '2022-06-05 08:43:49', '2022-06-05 08:43:49', NULL),
	(10, 'PU3', 3, 1, NULL, NULL, 64, 0, 0, 0, 1, NULL, '2022-06-05 08:44:17', '2022-06-05 08:44:17', NULL);

INSERT INTO `rows` (`id`, `row_number`, `parking_id`, `block_id`, `rule_id`, `capacity`, `fill`, `capacitymm`, `fillmm`, `full`, `alt_qr`, `comments`, `active`, `created_at`, `updated_at`, `deleted_at`) VALUES
	(1, '1', 7, 1, NULL, 10, 0, 48000, 0, 0, '100.001', NULL, 1, '2022-06-05 08:43:05', '2022-06-05 08:43:05', NULL),
	(2, '2', 7, 1, NULL, 10, 0, 48000, 0, 0, '100.002', NULL, 1, '2022-06-05 08:43:05', '2022-06-05 08:43:05', NULL),
	(3, '3', 7, 1, NULL, 10, 0, 48000, 0, 0, '100.003', NULL, 1, '2022-06-05 08:43:05', '2022-06-05 08:43:05', NULL),
	(4, '4', 7, 1, NULL, 10, 0, 48000, 0, 0, '100.004', NULL, 1, '2022-06-05 08:43:05', '2022-06-05 08:43:05', NULL),
	(5, '5', 7, 1, NULL, 10, 0, 48000, 0, 0, '100.005', NULL, 1, '2022-06-05 08:43:05', '2022-06-05 08:43:05', NULL),
	(6, '1', 8, 2, NULL, 8, 0, 38400, 0, 0, '101.001', NULL, 1, '2022-06-05 08:43:30', '2022-06-05 08:43:30', NULL),
	(7, '2', 8, 2, NULL, 8, 0, 38400, 0, 0, '101.002', NULL, 1, '2022-06-05 08:43:30', '2022-06-05 08:43:30', NULL),
	(8, '3', 8, 2, NULL, 8, 0, 38400, 0, 0, '101.003', NULL, 1, '2022-06-05 08:43:30', '2022-06-05 08:43:30', NULL),
	(9, '4', 8, 2, NULL, 8, 0, 38400, 0, 0, '101.004', NULL, 1, '2022-06-05 08:43:30', '2022-06-05 08:43:30', NULL),
	(10, '5', 8, 2, NULL, 8, 0, 38400, 0, 0, '101.005', NULL, 1, '2022-06-05 08:43:30', '2022-06-05 08:43:30', NULL),
	(11, '6', 8, 2, NULL, 8, 0, 38400, 0, 0, '101.006', NULL, 1, '2022-06-05 08:43:30', '2022-06-05 08:43:30', NULL),
	(12, '7', 8, 2, NULL, 8, 0, 38400, 0, 0, '101.007', NULL, 1, '2022-06-05 08:43:30', '2022-06-05 08:43:30', NULL),
	(13, '8', 8, 2, NULL, 8, 0, 38400, 0, 0, '101.008', NULL, 1, '2022-06-05 08:43:30', '2022-06-05 08:43:30', NULL),
	(14, '1', 9, 2, NULL, 8, 0, 38400, 0, 0, '102.001', NULL, 1, '2022-06-05 08:43:49', '2022-06-05 08:43:49', NULL),
	(15, '2', 9, 2, NULL, 8, 0, 38400, 0, 0, '102.002', NULL, 1, '2022-06-05 08:43:49', '2022-06-05 08:43:49', NULL),
	(16, '3', 9, 2, NULL, 8, 0, 38400, 0, 0, '102.003', NULL, 1, '2022-06-05 08:43:49', '2022-06-05 08:43:49', NULL),
	(17, '4', 9, 2, NULL, 8, 0, 38400, 0, 0, '102.004', NULL, 1, '2022-06-05 08:43:49', '2022-06-05 08:43:49', NULL),
	(18, '5', 9, 2, NULL, 8, 0, 38400, 0, 0, '102.005', NULL, 1, '2022-06-05 08:43:49', '2022-06-05 08:43:49', NULL),
	(19, '6', 9, 2, NULL, 8, 0, 38400, 0, 0, '102.006', NULL, 1, '2022-06-05 08:43:49', '2022-06-05 08:43:49', NULL),
	(20, '7', 9, 2, NULL, 8, 0, 38400, 0, 0, '102.007', NULL, 1, '2022-06-05 08:43:49', '2022-06-05 08:43:49', NULL),
	(21, '8', 9, 2, NULL, 8, 0, 38400, 0, 0, '102.008', NULL, 1, '2022-06-05 08:43:49', '2022-06-05 08:43:49', NULL),
	(22, '1', 10, 2, NULL, 8, 0, 38400, 0, 0, '103.001', NULL, 1, '2022-06-05 08:44:17', '2022-06-05 08:44:17', NULL),
	(23, '2', 10, 2, NULL, 8, 0, 38400, 0, 0, '103.002', NULL, 1, '2022-06-05 08:44:17', '2022-06-05 08:44:17', NULL),
	(24, '3', 10, 2, NULL, 8, 0, 38400, 0, 0, '103.003', NULL, 1, '2022-06-05 08:44:17', '2022-06-05 08:44:17', NULL),
	(25, '4', 10, 2, NULL, 8, 0, 38400, 0, 0, '103.004', NULL, 1, '2022-06-05 08:44:17', '2022-06-05 08:44:17', NULL),
	(26, '5', 10, 2, NULL, 8, 0, 38400, 0, 0, '103.005', NULL, 1, '2022-06-05 08:44:17', '2022-06-05 08:44:17', NULL),
	(27, '6', 10, 2, NULL, 8, 0, 38400, 0, 0, '103.006', NULL, 1, '2022-06-05 08:44:17', '2022-06-05 08:44:17', NULL),
	(28, '7', 10, 2, NULL, 8, 0, 38400, 0, 0, '103.007', NULL, 1, '2022-06-05 08:44:17', '2022-06-05 08:44:17', NULL),
	(29, '8', 10, 2, NULL, 8, 0, 38400, 0, 0, '103.008', NULL, 1, '2022-06-05 08:44:17', '2022-06-05 08:44:17', NULL);
/*!40000 ALTER TABLE `rows` ENABLE KEYS */;

/*!40000 ALTER TABLE `slots` DISABLE KEYS */;
INSERT INTO `slots` (`id`, `slot_number`, `row_id`, `capacity`, `fill`, `capacitymm`, `fillmm`, `comments`, `created_at`, `updated_at`, `deleted_at`) VALUES
	(1, 1, 1, 1, 0, 4800, 0, NULL, '2022-06-05 08:43:05', '2022-06-05 08:43:05', NULL),
	(2, 2, 1, 1, 0, 4800, 0, NULL, '2022-06-05 08:43:05', '2022-06-05 08:43:05', NULL),
	(3, 3, 1, 1, 0, 4800, 0, NULL, '2022-06-05 08:43:05', '2022-06-05 08:43:05', NULL),
	(4, 4, 1, 1, 0, 4800, 0, NULL, '2022-06-05 08:43:05', '2022-06-05 08:43:05', NULL),
	(5, 5, 1, 1, 0, 4800, 0, NULL, '2022-06-05 08:43:05', '2022-06-05 08:43:05', NULL),
	(6, 6, 1, 1, 0, 4800, 0, NULL, '2022-06-05 08:43:05', '2022-06-05 08:43:05', NULL),
	(7, 7, 1, 1, 0, 4800, 0, NULL, '2022-06-05 08:43:05', '2022-06-05 08:43:05', NULL),
	(8, 8, 1, 1, 0, 4800, 0, NULL, '2022-06-05 08:43:05', '2022-06-05 08:43:05', NULL),
	(9, 9, 1, 1, 0, 4800, 0, NULL, '2022-06-05 08:43:05', '2022-06-05 08:43:05', NULL),
	(10, 10, 1, 1, 0, 4800, 0, NULL, '2022-06-05 08:43:05', '2022-06-05 08:43:05', NULL),
	(11, 1, 2, 1, 0, 4800, 0, NULL, '2022-06-05 08:43:05', '2022-06-05 08:43:05', NULL),
	(12, 2, 2, 1, 0, 4800, 0, NULL, '2022-06-05 08:43:05', '2022-06-05 08:43:05', NULL),
	(13, 3, 2, 1, 0, 4800, 0, NULL, '2022-06-05 08:43:05', '2022-06-05 08:43:05', NULL),
	(14, 4, 2, 1, 0, 4800, 0, NULL, '2022-06-05 08:43:05', '2022-06-05 08:43:05', NULL),
	(15, 5, 2, 1, 0, 4800, 0, NULL, '2022-06-05 08:43:05', '2022-06-05 08:43:05', NULL),
	(16, 6, 2, 1, 0, 4800, 0, NULL, '2022-06-05 08:43:05', '2022-06-05 08:43:05', NULL),
	(17, 7, 2, 1, 0, 4800, 0, NULL, '2022-06-05 08:43:05', '2022-06-05 08:43:05', NULL),
	(18, 8, 2, 1, 0, 4800, 0, NULL, '2022-06-05 08:43:05', '2022-06-05 08:43:05', NULL),
	(19, 9, 2, 1, 0, 4800, 0, NULL, '2022-06-05 08:43:05', '2022-06-05 08:43:05', NULL),
	(20, 10, 2, 1, 0, 4800, 0, NULL, '2022-06-05 08:43:05', '2022-06-05 08:43:05', NULL),
	(21, 1, 3, 1, 0, 4800, 0, NULL, '2022-06-05 08:43:05', '2022-06-05 08:43:05', NULL),
	(22, 2, 3, 1, 0, 4800, 0, NULL, '2022-06-05 08:43:05', '2022-06-05 08:43:05', NULL),
	(23, 3, 3, 1, 0, 4800, 0, NULL, '2022-06-05 08:43:05', '2022-06-05 08:43:05', NULL),
	(24, 4, 3, 1, 0, 4800, 0, NULL, '2022-06-05 08:43:05', '2022-06-05 08:43:05', NULL),
	(25, 5, 3, 1, 0, 4800, 0, NULL, '2022-06-05 08:43:05', '2022-06-05 08:43:05', NULL),
	(26, 6, 3, 1, 0, 4800, 0, NULL, '2022-06-05 08:43:05', '2022-06-05 08:43:05', NULL),
	(27, 7, 3, 1, 0, 4800, 0, NULL, '2022-06-05 08:43:05', '2022-06-05 08:43:05', NULL),
	(28, 8, 3, 1, 0, 4800, 0, NULL, '2022-06-05 08:43:05', '2022-06-05 08:43:05', NULL),
	(29, 9, 3, 1, 0, 4800, 0, NULL, '2022-06-05 08:43:05', '2022-06-05 08:43:05', NULL),
	(30, 10, 3, 1, 0, 4800, 0, NULL, '2022-06-05 08:43:05', '2022-06-05 08:43:05', NULL),
	(31, 1, 4, 1, 0, 4800, 0, NULL, '2022-06-05 08:43:05', '2022-06-05 08:43:05', NULL),
	(32, 2, 4, 1, 0, 4800, 0, NULL, '2022-06-05 08:43:05', '2022-06-05 08:43:05', NULL),
	(33, 3, 4, 1, 0, 4800, 0, NULL, '2022-06-05 08:43:05', '2022-06-05 08:43:05', NULL),
	(34, 4, 4, 1, 0, 4800, 0, NULL, '2022-06-05 08:43:05', '2022-06-05 08:43:05', NULL),
	(35, 5, 4, 1, 0, 4800, 0, NULL, '2022-06-05 08:43:05', '2022-06-05 08:43:05', NULL),
	(36, 6, 4, 1, 0, 4800, 0, NULL, '2022-06-05 08:43:05', '2022-06-05 08:43:05', NULL),
	(37, 7, 4, 1, 0, 4800, 0, NULL, '2022-06-05 08:43:05', '2022-06-05 08:43:05', NULL),
	(38, 8, 4, 1, 0, 4800, 0, NULL, '2022-06-05 08:43:05', '2022-06-05 08:43:05', NULL),
	(39, 9, 4, 1, 0, 4800, 0, NULL, '2022-06-05 08:43:05', '2022-06-05 08:43:05', NULL),
	(40, 10, 4, 1, 0, 4800, 0, NULL, '2022-06-05 08:43:05', '2022-06-05 08:43:05', NULL),
	(41, 1, 5, 1, 0, 4800, 0, NULL, '2022-06-05 08:43:05', '2022-06-05 08:43:05', NULL),
	(42, 2, 5, 1, 0, 4800, 0, NULL, '2022-06-05 08:43:05', '2022-06-05 08:43:05', NULL),
	(43, 3, 5, 1, 0, 4800, 0, NULL, '2022-06-05 08:43:05', '2022-06-05 08:43:05', NULL),
	(44, 4, 5, 1, 0, 4800, 0, NULL, '2022-06-05 08:43:05', '2022-06-05 08:43:05', NULL),
	(45, 5, 5, 1, 0, 4800, 0, NULL, '2022-06-05 08:43:05', '2022-06-05 08:43:05', NULL),
	(46, 6, 5, 1, 0, 4800, 0, NULL, '2022-06-05 08:43:05', '2022-06-05 08:43:05', NULL),
	(47, 7, 5, 1, 0, 4800, 0, NULL, '2022-06-05 08:43:05', '2022-06-05 08:43:05', NULL),
	(48, 8, 5, 1, 0, 4800, 0, NULL, '2022-06-05 08:43:05', '2022-06-05 08:43:05', NULL),
	(49, 9, 5, 1, 0, 4800, 0, NULL, '2022-06-05 08:43:05', '2022-06-05 08:43:05', NULL),
	(50, 10, 5, 1, 0, 4800, 0, NULL, '2022-06-05 08:43:05', '2022-06-05 08:43:05', NULL),
	(51, 1, 6, 1, 0, 4800, 0, NULL, '2022-06-05 08:43:30', '2022-06-05 08:43:30', NULL),
	(52, 2, 6, 1, 0, 4800, 0, NULL, '2022-06-05 08:43:30', '2022-06-05 08:43:30', NULL),
	(53, 3, 6, 1, 0, 4800, 0, NULL, '2022-06-05 08:43:30', '2022-06-05 08:43:30', NULL),
	(54, 4, 6, 1, 0, 4800, 0, NULL, '2022-06-05 08:43:30', '2022-06-05 08:43:30', NULL),
	(55, 5, 6, 1, 0, 4800, 0, NULL, '2022-06-05 08:43:30', '2022-06-05 08:43:30', NULL),
	(56, 6, 6, 1, 0, 4800, 0, NULL, '2022-06-05 08:43:30', '2022-06-05 08:43:30', NULL),
	(57, 7, 6, 1, 0, 4800, 0, NULL, '2022-06-05 08:43:30', '2022-06-05 08:43:30', NULL),
	(58, 8, 6, 1, 0, 4800, 0, NULL, '2022-06-05 08:43:30', '2022-06-05 08:43:30', NULL),
	(59, 1, 7, 1, 0, 4800, 0, NULL, '2022-06-05 08:43:30', '2022-06-05 08:43:30', NULL),
	(60, 2, 7, 1, 0, 4800, 0, NULL, '2022-06-05 08:43:30', '2022-06-05 08:43:30', NULL),
	(61, 3, 7, 1, 0, 4800, 0, NULL, '2022-06-05 08:43:30', '2022-06-05 08:43:30', NULL),
	(62, 4, 7, 1, 0, 4800, 0, NULL, '2022-06-05 08:43:30', '2022-06-05 08:43:30', NULL),
	(63, 5, 7, 1, 0, 4800, 0, NULL, '2022-06-05 08:43:30', '2022-06-05 08:43:30', NULL),
	(64, 6, 7, 1, 0, 4800, 0, NULL, '2022-06-05 08:43:30', '2022-06-05 08:43:30', NULL),
	(65, 7, 7, 1, 0, 4800, 0, NULL, '2022-06-05 08:43:30', '2022-06-05 08:43:30', NULL),
	(66, 8, 7, 1, 0, 4800, 0, NULL, '2022-06-05 08:43:30', '2022-06-05 08:43:30', NULL),
	(67, 1, 8, 1, 0, 4800, 0, NULL, '2022-06-05 08:43:30', '2022-06-05 08:43:30', NULL),
	(68, 2, 8, 1, 0, 4800, 0, NULL, '2022-06-05 08:43:30', '2022-06-05 08:43:30', NULL),
	(69, 3, 8, 1, 0, 4800, 0, NULL, '2022-06-05 08:43:30', '2022-06-05 08:43:30', NULL),
	(70, 4, 8, 1, 0, 4800, 0, NULL, '2022-06-05 08:43:30', '2022-06-05 08:43:30', NULL),
	(71, 5, 8, 1, 0, 4800, 0, NULL, '2022-06-05 08:43:30', '2022-06-05 08:43:30', NULL),
	(72, 6, 8, 1, 0, 4800, 0, NULL, '2022-06-05 08:43:30', '2022-06-05 08:43:30', NULL),
	(73, 7, 8, 1, 0, 4800, 0, NULL, '2022-06-05 08:43:30', '2022-06-05 08:43:30', NULL),
	(74, 8, 8, 1, 0, 4800, 0, NULL, '2022-06-05 08:43:30', '2022-06-05 08:43:30', NULL),
	(75, 1, 9, 1, 0, 4800, 0, NULL, '2022-06-05 08:43:30', '2022-06-05 08:43:30', NULL),
	(76, 2, 9, 1, 0, 4800, 0, NULL, '2022-06-05 08:43:30', '2022-06-05 08:43:30', NULL),
	(77, 3, 9, 1, 0, 4800, 0, NULL, '2022-06-05 08:43:30', '2022-06-05 08:43:30', NULL),
	(78, 4, 9, 1, 0, 4800, 0, NULL, '2022-06-05 08:43:30', '2022-06-05 08:43:30', NULL),
	(79, 5, 9, 1, 0, 4800, 0, NULL, '2022-06-05 08:43:30', '2022-06-05 08:43:30', NULL),
	(80, 6, 9, 1, 0, 4800, 0, NULL, '2022-06-05 08:43:30', '2022-06-05 08:43:30', NULL),
	(81, 7, 9, 1, 0, 4800, 0, NULL, '2022-06-05 08:43:30', '2022-06-05 08:43:30', NULL),
	(82, 8, 9, 1, 0, 4800, 0, NULL, '2022-06-05 08:43:30', '2022-06-05 08:43:30', NULL),
	(83, 1, 10, 1, 0, 4800, 0, NULL, '2022-06-05 08:43:30', '2022-06-05 08:43:30', NULL),
	(84, 2, 10, 1, 0, 4800, 0, NULL, '2022-06-05 08:43:30', '2022-06-05 08:43:30', NULL),
	(85, 3, 10, 1, 0, 4800, 0, NULL, '2022-06-05 08:43:30', '2022-06-05 08:43:30', NULL),
	(86, 4, 10, 1, 0, 4800, 0, NULL, '2022-06-05 08:43:30', '2022-06-05 08:43:30', NULL),
	(87, 5, 10, 1, 0, 4800, 0, NULL, '2022-06-05 08:43:30', '2022-06-05 08:43:30', NULL),
	(88, 6, 10, 1, 0, 4800, 0, NULL, '2022-06-05 08:43:30', '2022-06-05 08:43:30', NULL),
	(89, 7, 10, 1, 0, 4800, 0, NULL, '2022-06-05 08:43:30', '2022-06-05 08:43:30', NULL),
	(90, 8, 10, 1, 0, 4800, 0, NULL, '2022-06-05 08:43:30', '2022-06-05 08:43:30', NULL),
	(91, 1, 11, 1, 0, 4800, 0, NULL, '2022-06-05 08:43:30', '2022-06-05 08:43:30', NULL),
	(92, 2, 11, 1, 0, 4800, 0, NULL, '2022-06-05 08:43:30', '2022-06-05 08:43:30', NULL),
	(93, 3, 11, 1, 0, 4800, 0, NULL, '2022-06-05 08:43:30', '2022-06-05 08:43:30', NULL),
	(94, 4, 11, 1, 0, 4800, 0, NULL, '2022-06-05 08:43:30', '2022-06-05 08:43:30', NULL),
	(95, 5, 11, 1, 0, 4800, 0, NULL, '2022-06-05 08:43:30', '2022-06-05 08:43:30', NULL),
	(96, 6, 11, 1, 0, 4800, 0, NULL, '2022-06-05 08:43:30', '2022-06-05 08:43:30', NULL),
	(97, 7, 11, 1, 0, 4800, 0, NULL, '2022-06-05 08:43:30', '2022-06-05 08:43:30', NULL),
	(98, 8, 11, 1, 0, 4800, 0, NULL, '2022-06-05 08:43:30', '2022-06-05 08:43:30', NULL),
	(99, 1, 12, 1, 0, 4800, 0, NULL, '2022-06-05 08:43:30', '2022-06-05 08:43:30', NULL),
	(100, 2, 12, 1, 0, 4800, 0, NULL, '2022-06-05 08:43:30', '2022-06-05 08:43:30', NULL),
	(101, 3, 12, 1, 0, 4800, 0, NULL, '2022-06-05 08:43:30', '2022-06-05 08:43:30', NULL),
	(102, 4, 12, 1, 0, 4800, 0, NULL, '2022-06-05 08:43:30', '2022-06-05 08:43:30', NULL),
	(103, 5, 12, 1, 0, 4800, 0, NULL, '2022-06-05 08:43:30', '2022-06-05 08:43:30', NULL),
	(104, 6, 12, 1, 0, 4800, 0, NULL, '2022-06-05 08:43:30', '2022-06-05 08:43:30', NULL),
	(105, 7, 12, 1, 0, 4800, 0, NULL, '2022-06-05 08:43:30', '2022-06-05 08:43:30', NULL),
	(106, 8, 12, 1, 0, 4800, 0, NULL, '2022-06-05 08:43:30', '2022-06-05 08:43:30', NULL),
	(107, 1, 13, 1, 0, 4800, 0, NULL, '2022-06-05 08:43:30', '2022-06-05 08:43:30', NULL),
	(108, 2, 13, 1, 0, 4800, 0, NULL, '2022-06-05 08:43:30', '2022-06-05 08:43:30', NULL),
	(109, 3, 13, 1, 0, 4800, 0, NULL, '2022-06-05 08:43:30', '2022-06-05 08:43:30', NULL),
	(110, 4, 13, 1, 0, 4800, 0, NULL, '2022-06-05 08:43:30', '2022-06-05 08:43:30', NULL),
	(111, 5, 13, 1, 0, 4800, 0, NULL, '2022-06-05 08:43:30', '2022-06-05 08:43:30', NULL),
	(112, 6, 13, 1, 0, 4800, 0, NULL, '2022-06-05 08:43:30', '2022-06-05 08:43:30', NULL),
	(113, 7, 13, 1, 0, 4800, 0, NULL, '2022-06-05 08:43:30', '2022-06-05 08:43:30', NULL),
	(114, 8, 13, 1, 0, 4800, 0, NULL, '2022-06-05 08:43:30', '2022-06-05 08:43:30', NULL),
	(115, 1, 14, 1, 0, 4800, 0, NULL, '2022-06-05 08:43:49', '2022-06-05 08:43:49', NULL),
	(116, 2, 14, 1, 0, 4800, 0, NULL, '2022-06-05 08:43:49', '2022-06-05 08:43:49', NULL),
	(117, 3, 14, 1, 0, 4800, 0, NULL, '2022-06-05 08:43:49', '2022-06-05 08:43:49', NULL),
	(118, 4, 14, 1, 0, 4800, 0, NULL, '2022-06-05 08:43:49', '2022-06-05 08:43:49', NULL),
	(119, 5, 14, 1, 0, 4800, 0, NULL, '2022-06-05 08:43:49', '2022-06-05 08:43:49', NULL),
	(120, 6, 14, 1, 0, 4800, 0, NULL, '2022-06-05 08:43:49', '2022-06-05 08:43:49', NULL),
	(121, 7, 14, 1, 0, 4800, 0, NULL, '2022-06-05 08:43:49', '2022-06-05 08:43:49', NULL),
	(122, 8, 14, 1, 0, 4800, 0, NULL, '2022-06-05 08:43:49', '2022-06-05 08:43:49', NULL),
	(123, 1, 15, 1, 0, 4800, 0, NULL, '2022-06-05 08:43:49', '2022-06-05 08:43:49', NULL),
	(124, 2, 15, 1, 0, 4800, 0, NULL, '2022-06-05 08:43:49', '2022-06-05 08:43:49', NULL),
	(125, 3, 15, 1, 0, 4800, 0, NULL, '2022-06-05 08:43:49', '2022-06-05 08:43:49', NULL),
	(126, 4, 15, 1, 0, 4800, 0, NULL, '2022-06-05 08:43:49', '2022-06-05 08:43:49', NULL),
	(127, 5, 15, 1, 0, 4800, 0, NULL, '2022-06-05 08:43:49', '2022-06-05 08:43:49', NULL),
	(128, 6, 15, 1, 0, 4800, 0, NULL, '2022-06-05 08:43:49', '2022-06-05 08:43:49', NULL),
	(129, 7, 15, 1, 0, 4800, 0, NULL, '2022-06-05 08:43:49', '2022-06-05 08:43:49', NULL),
	(130, 8, 15, 1, 0, 4800, 0, NULL, '2022-06-05 08:43:49', '2022-06-05 08:43:49', NULL),
	(131, 1, 16, 1, 0, 4800, 0, NULL, '2022-06-05 08:43:49', '2022-06-05 08:43:49', NULL),
	(132, 2, 16, 1, 0, 4800, 0, NULL, '2022-06-05 08:43:49', '2022-06-05 08:43:49', NULL),
	(133, 3, 16, 1, 0, 4800, 0, NULL, '2022-06-05 08:43:49', '2022-06-05 08:43:49', NULL),
	(134, 4, 16, 1, 0, 4800, 0, NULL, '2022-06-05 08:43:49', '2022-06-05 08:43:49', NULL),
	(135, 5, 16, 1, 0, 4800, 0, NULL, '2022-06-05 08:43:49', '2022-06-05 08:43:49', NULL),
	(136, 6, 16, 1, 0, 4800, 0, NULL, '2022-06-05 08:43:49', '2022-06-05 08:43:49', NULL),
	(137, 7, 16, 1, 0, 4800, 0, NULL, '2022-06-05 08:43:49', '2022-06-05 08:43:49', NULL),
	(138, 8, 16, 1, 0, 4800, 0, NULL, '2022-06-05 08:43:49', '2022-06-05 08:43:49', NULL),
	(139, 1, 17, 1, 0, 4800, 0, NULL, '2022-06-05 08:43:49', '2022-06-05 08:43:49', NULL),
	(140, 2, 17, 1, 0, 4800, 0, NULL, '2022-06-05 08:43:49', '2022-06-05 08:43:49', NULL),
	(141, 3, 17, 1, 0, 4800, 0, NULL, '2022-06-05 08:43:49', '2022-06-05 08:43:49', NULL),
	(142, 4, 17, 1, 0, 4800, 0, NULL, '2022-06-05 08:43:49', '2022-06-05 08:43:49', NULL),
	(143, 5, 17, 1, 0, 4800, 0, NULL, '2022-06-05 08:43:49', '2022-06-05 08:43:49', NULL),
	(144, 6, 17, 1, 0, 4800, 0, NULL, '2022-06-05 08:43:49', '2022-06-05 08:43:49', NULL),
	(145, 7, 17, 1, 0, 4800, 0, NULL, '2022-06-05 08:43:49', '2022-06-05 08:43:49', NULL),
	(146, 8, 17, 1, 0, 4800, 0, NULL, '2022-06-05 08:43:49', '2022-06-05 08:43:49', NULL),
	(147, 1, 18, 1, 0, 4800, 0, NULL, '2022-06-05 08:43:49', '2022-06-05 08:43:49', NULL),
	(148, 2, 18, 1, 0, 4800, 0, NULL, '2022-06-05 08:43:49', '2022-06-05 08:43:49', NULL),
	(149, 3, 18, 1, 0, 4800, 0, NULL, '2022-06-05 08:43:49', '2022-06-05 08:43:49', NULL),
	(150, 4, 18, 1, 0, 4800, 0, NULL, '2022-06-05 08:43:49', '2022-06-05 08:43:49', NULL),
	(151, 5, 18, 1, 0, 4800, 0, NULL, '2022-06-05 08:43:49', '2022-06-05 08:43:49', NULL),
	(152, 6, 18, 1, 0, 4800, 0, NULL, '2022-06-05 08:43:49', '2022-06-05 08:43:49', NULL),
	(153, 7, 18, 1, 0, 4800, 0, NULL, '2022-06-05 08:43:49', '2022-06-05 08:43:49', NULL),
	(154, 8, 18, 1, 0, 4800, 0, NULL, '2022-06-05 08:43:49', '2022-06-05 08:43:49', NULL),
	(155, 1, 19, 1, 0, 4800, 0, NULL, '2022-06-05 08:43:49', '2022-06-05 08:43:49', NULL),
	(156, 2, 19, 1, 0, 4800, 0, NULL, '2022-06-05 08:43:49', '2022-06-05 08:43:49', NULL),
	(157, 3, 19, 1, 0, 4800, 0, NULL, '2022-06-05 08:43:49', '2022-06-05 08:43:49', NULL),
	(158, 4, 19, 1, 0, 4800, 0, NULL, '2022-06-05 08:43:49', '2022-06-05 08:43:49', NULL),
	(159, 5, 19, 1, 0, 4800, 0, NULL, '2022-06-05 08:43:49', '2022-06-05 08:43:49', NULL),
	(160, 6, 19, 1, 0, 4800, 0, NULL, '2022-06-05 08:43:49', '2022-06-05 08:43:49', NULL),
	(161, 7, 19, 1, 0, 4800, 0, NULL, '2022-06-05 08:43:49', '2022-06-05 08:43:49', NULL),
	(162, 8, 19, 1, 0, 4800, 0, NULL, '2022-06-05 08:43:49', '2022-06-05 08:43:49', NULL),
	(163, 1, 20, 1, 0, 4800, 0, NULL, '2022-06-05 08:43:49', '2022-06-05 08:43:49', NULL),
	(164, 2, 20, 1, 0, 4800, 0, NULL, '2022-06-05 08:43:49', '2022-06-05 08:43:49', NULL),
	(165, 3, 20, 1, 0, 4800, 0, NULL, '2022-06-05 08:43:49', '2022-06-05 08:43:49', NULL),
	(166, 4, 20, 1, 0, 4800, 0, NULL, '2022-06-05 08:43:49', '2022-06-05 08:43:49', NULL),
	(167, 5, 20, 1, 0, 4800, 0, NULL, '2022-06-05 08:43:49', '2022-06-05 08:43:49', NULL),
	(168, 6, 20, 1, 0, 4800, 0, NULL, '2022-06-05 08:43:49', '2022-06-05 08:43:49', NULL),
	(169, 7, 20, 1, 0, 4800, 0, NULL, '2022-06-05 08:43:49', '2022-06-05 08:43:49', NULL),
	(170, 8, 20, 1, 0, 4800, 0, NULL, '2022-06-05 08:43:49', '2022-06-05 08:43:49', NULL),
	(171, 1, 21, 1, 0, 4800, 0, NULL, '2022-06-05 08:43:49', '2022-06-05 08:43:49', NULL),
	(172, 2, 21, 1, 0, 4800, 0, NULL, '2022-06-05 08:43:49', '2022-06-05 08:43:49', NULL),
	(173, 3, 21, 1, 0, 4800, 0, NULL, '2022-06-05 08:43:49', '2022-06-05 08:43:49', NULL),
	(174, 4, 21, 1, 0, 4800, 0, NULL, '2022-06-05 08:43:49', '2022-06-05 08:43:49', NULL),
	(175, 5, 21, 1, 0, 4800, 0, NULL, '2022-06-05 08:43:49', '2022-06-05 08:43:49', NULL),
	(176, 6, 21, 1, 0, 4800, 0, NULL, '2022-06-05 08:43:49', '2022-06-05 08:43:49', NULL),
	(177, 7, 21, 1, 0, 4800, 0, NULL, '2022-06-05 08:43:49', '2022-06-05 08:43:49', NULL),
	(178, 8, 21, 1, 0, 4800, 0, NULL, '2022-06-05 08:43:49', '2022-06-05 08:43:49', NULL),
	(179, 1, 22, 1, 0, 4800, 0, NULL, '2022-06-05 08:44:17', '2022-06-05 08:44:17', NULL),
	(180, 2, 22, 1, 0, 4800, 0, NULL, '2022-06-05 08:44:17', '2022-06-05 08:44:17', NULL),
	(181, 3, 22, 1, 0, 4800, 0, NULL, '2022-06-05 08:44:17', '2022-06-05 08:44:17', NULL),
	(182, 4, 22, 1, 0, 4800, 0, NULL, '2022-06-05 08:44:17', '2022-06-05 08:44:17', NULL),
	(183, 5, 22, 1, 0, 4800, 0, NULL, '2022-06-05 08:44:17', '2022-06-05 08:44:17', NULL),
	(184, 6, 22, 1, 0, 4800, 0, NULL, '2022-06-05 08:44:17', '2022-06-05 08:44:17', NULL),
	(185, 7, 22, 1, 0, 4800, 0, NULL, '2022-06-05 08:44:17', '2022-06-05 08:44:17', NULL),
	(186, 8, 22, 1, 0, 4800, 0, NULL, '2022-06-05 08:44:17', '2022-06-05 08:44:17', NULL),
	(187, 1, 23, 1, 0, 4800, 0, NULL, '2022-06-05 08:44:17', '2022-06-05 08:44:17', NULL),
	(188, 2, 23, 1, 0, 4800, 0, NULL, '2022-06-05 08:44:17', '2022-06-05 08:44:17', NULL),
	(189, 3, 23, 1, 0, 4800, 0, NULL, '2022-06-05 08:44:17', '2022-06-05 08:44:17', NULL),
	(190, 4, 23, 1, 0, 4800, 0, NULL, '2022-06-05 08:44:17', '2022-06-05 08:44:17', NULL),
	(191, 5, 23, 1, 0, 4800, 0, NULL, '2022-06-05 08:44:17', '2022-06-05 08:44:17', NULL),
	(192, 6, 23, 1, 0, 4800, 0, NULL, '2022-06-05 08:44:17', '2022-06-05 08:44:17', NULL),
	(193, 7, 23, 1, 0, 4800, 0, NULL, '2022-06-05 08:44:17', '2022-06-05 08:44:17', NULL),
	(194, 8, 23, 1, 0, 4800, 0, NULL, '2022-06-05 08:44:17', '2022-06-05 08:44:17', NULL),
	(195, 1, 24, 1, 0, 4800, 0, NULL, '2022-06-05 08:44:17', '2022-06-05 08:44:17', NULL),
	(196, 2, 24, 1, 0, 4800, 0, NULL, '2022-06-05 08:44:17', '2022-06-05 08:44:17', NULL),
	(197, 3, 24, 1, 0, 4800, 0, NULL, '2022-06-05 08:44:17', '2022-06-05 08:44:17', NULL),
	(198, 4, 24, 1, 0, 4800, 0, NULL, '2022-06-05 08:44:17', '2022-06-05 08:44:17', NULL),
	(199, 5, 24, 1, 0, 4800, 0, NULL, '2022-06-05 08:44:17', '2022-06-05 08:44:17', NULL),
	(200, 6, 24, 1, 0, 4800, 0, NULL, '2022-06-05 08:44:17', '2022-06-05 08:44:17', NULL),
	(201, 7, 24, 1, 0, 4800, 0, NULL, '2022-06-05 08:44:17', '2022-06-05 08:44:17', NULL),
	(202, 8, 24, 1, 0, 4800, 0, NULL, '2022-06-05 08:44:17', '2022-06-05 08:44:17', NULL),
	(203, 1, 25, 1, 0, 4800, 0, NULL, '2022-06-05 08:44:17', '2022-06-05 08:44:17', NULL),
	(204, 2, 25, 1, 0, 4800, 0, NULL, '2022-06-05 08:44:17', '2022-06-05 08:44:17', NULL),
	(205, 3, 25, 1, 0, 4800, 0, NULL, '2022-06-05 08:44:17', '2022-06-05 08:44:17', NULL),
	(206, 4, 25, 1, 0, 4800, 0, NULL, '2022-06-05 08:44:17', '2022-06-05 08:44:17', NULL),
	(207, 5, 25, 1, 0, 4800, 0, NULL, '2022-06-05 08:44:17', '2022-06-05 08:44:17', NULL),
	(208, 6, 25, 1, 0, 4800, 0, NULL, '2022-06-05 08:44:17', '2022-06-05 08:44:17', NULL),
	(209, 7, 25, 1, 0, 4800, 0, NULL, '2022-06-05 08:44:17', '2022-06-05 08:44:17', NULL),
	(210, 8, 25, 1, 0, 4800, 0, NULL, '2022-06-05 08:44:17', '2022-06-05 08:44:17', NULL),
	(211, 1, 26, 1, 0, 4800, 0, NULL, '2022-06-05 08:44:17', '2022-06-05 08:44:17', NULL),
	(212, 2, 26, 1, 0, 4800, 0, NULL, '2022-06-05 08:44:17', '2022-06-05 08:44:17', NULL),
	(213, 3, 26, 1, 0, 4800, 0, NULL, '2022-06-05 08:44:17', '2022-06-05 08:44:17', NULL),
	(214, 4, 26, 1, 0, 4800, 0, NULL, '2022-06-05 08:44:17', '2022-06-05 08:44:17', NULL),
	(215, 5, 26, 1, 0, 4800, 0, NULL, '2022-06-05 08:44:17', '2022-06-05 08:44:17', NULL),
	(216, 6, 26, 1, 0, 4800, 0, NULL, '2022-06-05 08:44:17', '2022-06-05 08:44:17', NULL),
	(217, 7, 26, 1, 0, 4800, 0, NULL, '2022-06-05 08:44:17', '2022-06-05 08:44:17', NULL),
	(218, 8, 26, 1, 0, 4800, 0, NULL, '2022-06-05 08:44:17', '2022-06-05 08:44:17', NULL),
	(219, 1, 27, 1, 0, 4800, 0, NULL, '2022-06-05 08:44:17', '2022-06-05 08:44:17', NULL),
	(220, 2, 27, 1, 0, 4800, 0, NULL, '2022-06-05 08:44:17', '2022-06-05 08:44:17', NULL),
	(221, 3, 27, 1, 0, 4800, 0, NULL, '2022-06-05 08:44:17', '2022-06-05 08:44:17', NULL),
	(222, 4, 27, 1, 0, 4800, 0, NULL, '2022-06-05 08:44:17', '2022-06-05 08:44:17', NULL),
	(223, 5, 27, 1, 0, 4800, 0, NULL, '2022-06-05 08:44:17', '2022-06-05 08:44:17', NULL),
	(224, 6, 27, 1, 0, 4800, 0, NULL, '2022-06-05 08:44:17', '2022-06-05 08:44:17', NULL),
	(225, 7, 27, 1, 0, 4800, 0, NULL, '2022-06-05 08:44:17', '2022-06-05 08:44:17', NULL),
	(226, 8, 27, 1, 0, 4800, 0, NULL, '2022-06-05 08:44:17', '2022-06-05 08:44:17', NULL),
	(227, 1, 28, 1, 0, 4800, 0, NULL, '2022-06-05 08:44:17', '2022-06-05 08:44:17', NULL),
	(228, 2, 28, 1, 0, 4800, 0, NULL, '2022-06-05 08:44:17', '2022-06-05 08:44:17', NULL),
	(229, 3, 28, 1, 0, 4800, 0, NULL, '2022-06-05 08:44:17', '2022-06-05 08:44:17', NULL),
	(230, 4, 28, 1, 0, 4800, 0, NULL, '2022-06-05 08:44:17', '2022-06-05 08:44:17', NULL),
	(231, 5, 28, 1, 0, 4800, 0, NULL, '2022-06-05 08:44:17', '2022-06-05 08:44:17', NULL),
	(232, 6, 28, 1, 0, 4800, 0, NULL, '2022-06-05 08:44:17', '2022-06-05 08:44:17', NULL),
	(233, 7, 28, 1, 0, 4800, 0, NULL, '2022-06-05 08:44:17', '2022-06-05 08:44:17', NULL),
	(234, 8, 28, 1, 0, 4800, 0, NULL, '2022-06-05 08:44:17', '2022-06-05 08:44:17', NULL),
	(235, 1, 29, 1, 0, 4800, 0, NULL, '2022-06-05 08:44:17', '2022-06-05 08:44:17', NULL),
	(236, 2, 29, 1, 0, 4800, 0, NULL, '2022-06-05 08:44:17', '2022-06-05 08:44:17', NULL),
	(237, 3, 29, 1, 0, 4800, 0, NULL, '2022-06-05 08:44:17', '2022-06-05 08:44:17', NULL),
	(238, 4, 29, 1, 0, 4800, 0, NULL, '2022-06-05 08:44:17', '2022-06-05 08:44:17', NULL),
	(239, 5, 29, 1, 0, 4800, 0, NULL, '2022-06-05 08:44:17', '2022-06-05 08:44:17', NULL),
	(240, 6, 29, 1, 0, 4800, 0, NULL, '2022-06-05 08:44:17', '2022-06-05 08:44:17', NULL),
	(241, 7, 29, 1, 0, 4800, 0, NULL, '2022-06-05 08:44:17', '2022-06-05 08:44:17', NULL),
	(242, 8, 29, 1, 0, 4800, 0, NULL, '2022-06-05 08:44:17', '2022-06-05 08:44:17', NULL);
/*!40000 ALTER TABLE `slots` ENABLE KEYS */;

/*!40101 SET SQL_MODE=IFNULL(@OLD_SQL_MODE, '') */;
/*!40014 SET FOREIGN_KEY_CHECKS=IFNULL(@OLD_FOREIGN_KEY_CHECKS, 1) */;
/*!40101 SET CHARACTER_SET_CLIENT=@OLD_CHARACTER_SET_CLIENT */;
/*!40111 SET SQL_NOTES=IFNULL(@OLD_SQL_NOTES, 1) */;
